Timestamp,PM2.5 (µg/m³),PM10 (µg/m³),NO (µg/m³),NO2 (µg/m³),NOx (ppb),NH3 (µg/m³),SO2 (µg/m³),CO (mg/m³),Ozone (µg/m³),Benzene (µg/m³),Toluene (µg/m³),Xylene (µg/m³),O Xylene (µg/m³),Eth-Benzene (µg/m³),MP-Xylene (µg/m³),AT (°C),RH (%),WS (m/s),WD (deg),RF (mm),TOT-RF (mm),SR (W/mt2),BP (mmHg),VWS (m/s)
2024-01-01,38.02,77.08,0.81,2.02,2.91,12.03,28.21,1.05,24.93,0.21,,,,0.11,0.63,10.14,92.81,0.86,183.93,0.0,0.0,143.09,747.62,
2024-01-02,43.8,88.62,0.82,2.04,2.94,12.48,28.4,1.32,25.68,0.26,,,,0.14,0.79,10.24,90.32,0.82,178.35,0.0,0.0,143.12,747.05,
2024-01-03,35.35,71.53,0.79,2.01,2.88,12.64,29.35,1.67,25.16,0.33,,,,0.17,1.0,8.31,97.75,1.13,198.79,0.0,0.0,143.12,746.86,
2024-01-04,54.42,110.19,0.82,1.99,2.91,13.56,28.67,1.34,24.8,0.27,,,,0.14,0.81,12.08,91.31,0.78,151.11,0.0,0.0,143.14,747.02,
2024-01-05,41.97,84.9,0.83,2.01,2.94,12.4,27.7,1.01,24.78,0.2,,,,0.11,0.61,12.61,87.33,0.59,162.55,0.0,0.0,143.22,747.03,
2024-01-06,40.73,82.3,0.84,2.04,2.97,11.94,27.54,1.27,24.36,0.25,,,,0.13,0.76,11.9,84.63,0.6,172.76,0.0,0.0,143.29,748.14,
2024-01-07,43.35,87.79,0.83,2.06,2.97,11.53,27.61,1.47,24.35,0.29,,,,0.15,0.88,10.06,92.0,0.92,212.23,0.0,0.0,143.32,748.59,
2024-01-08,33.77,68.4,0.82,2.03,2.92,11.39,27.57,1.38,24.97,0.28,,,,0.15,0.83,9.17,98.89,0.96,202.93,0.0,0.0,143.36,748.58,
2024-01-09,35.55,71.94,0.82,2.03,2.95,12.2,28.03,1.44,24.7,0.29,,,,0.15,0.87,10.92,97.59,1.57,187.9,0.0,0.0,143.42,748.43,
2024-01-10,30.93,62.57,0.82,2.03,2.94,11.71,28.03,0.77,24.8,0.15,,,,0.08,0.46,11.54,86.72,1.27,169.57,0.01,0.01,143.53,747.44,
2024-01-11,38.82,78.55,0.83,2.06,2.97,10.55,27.83,1.39,24.77,0.28,,,,0.15,0.83,9.73,90.86,0.77,171.88,0.01,0.01,143.66,747.77,
2024-01-12,48.9,98.94,0.83,2.05,2.97,12.05,28.54,1.82,26.22,0.36,,,,0.19,1.09,11.53,85.7,0.69,170.31,0.0,0.0,143.78,747.05,
2024-01-13,42.91,86.88,0.84,2.04,2.98,11.93,27.98,2.0,27.29,0.4,,,,0.21,1.2,9.61,93.45,0.82,203.14,0.0,0.0,143.82,746.52,
2024-01-14,42.97,86.88,0.84,2.02,2.95,11.98,28.02,2.59,27.12,0.52,,,,0.27,1.55,9.69,93.32,0.77,183.68,0.0,0.0,143.84,746.48,
2024-01-15,43.53,88.18,0.84,2.04,2.96,11.39,28.04,2.73,29.04,0.55,,,,0.28,1.64,10.41,88.66,0.78,177.68,0.0,0.0,143.94,746.18,
2024-01-16,35.78,72.29,0.84,2.0,2.94,12.11,28.27,1.99,29.32,0.4,,,,0.21,1.19,8.12,98.98,0.83,257.92,0.0,0.0,143.99,745.06,
2024-01-17,27.27,55.17,0.83,2.01,2.93,11.97,28.27,0.55,30.0,0.11,,,,0.06,0.33,9.04,92.73,0.98,238.41,0.0,0.0,144.0,745.09,
2024-01-18,20.58,41.65,0.83,2.02,2.95,12.94,28.21,0.56,30.01,0.11,,,,0.06,0.33,9.19,95.86,0.67,230.0,0.0,0.0,144.01,746.63,
2024-01-19,27.91,56.47,0.8,2.04,2.92,13.63,28.21,0.5,29.77,0.1,,,,0.05,0.3,9.75,92.1,0.79,244.35,0.0,0.0,144.03,747.83,
2024-01-20,32.19,65.17,0.83,2.05,2.97,11.27,28.07,0.66,29.91,0.13,,,,0.07,0.39,9.59,88.41,0.84,212.73,0.0,0.0,144.04,748.01,
2024-01-21,36.13,73.07,0.85,2.03,2.98,9.95,28.21,1.44,30.0,0.29,,,,0.15,0.87,8.51,93.26,0.62,154.16,0.0,0.0,144.06,747.33,
2024-01-22,33.03,66.84,0.83,2.05,2.96,10.85,28.03,1.0,30.16,0.2,,,,0.1,0.6,8.98,96.2,0.91,227.09,0.0,0.0,144.07,748.32,
2024-01-23,35.71,72.33,0.81,2.03,2.93,12.89,28.38,0.93,30.1,0.19,,,,0.1,0.56,11.61,90.87,0.61,201.6,0.0,0.0,144.08,747.39,
2024-01-24,29.04,58.76,0.83,2.01,2.93,15.04,28.83,1.16,30.14,0.23,,,,0.12,0.7,10.26,98.19,0.89,204.54,0.0,0.0,144.11,747.4,
2024-01-25,58.45,118.26,0.82,2.05,2.95,13.93,28.43,1.58,30.31,0.32,,,,0.16,0.95,11.15,94.3,0.9,194.34,0.0,0.0,144.16,748.93,
2024-01-26,35.88,72.65,0.84,2.02,2.95,13.6,28.33,2.02,30.39,0.4,,,,0.21,1.21,10.5,96.43,0.57,164.17,0.0,0.0,144.17,749.36,
2024-01-27,37.75,76.41,0.85,2.02,2.96,11.37,28.46,2.31,30.45,0.4,,,,0.21,1.21,13.74,81.32,0.53,130.89,0.0,0.0,144.19,748.21,
2024-01-28,47.39,95.88,6.09,2.23,2.86,12.16,29.11,1.18,30.51,0.42,,,,0.23,1.3,13.45,88.32,0.98,198.66,0.0,0.0,139.65,747.04,
2024-01-29,42.11,85.21,0.82,2.01,2.92,18.32,28.87,1.33,30.37,0.27,,,,0.14,0.8,13.98,89.29,0.84,200.77,0.0,0.0,144.22,746.99,
2024-01-30,41.2,83.52,0.82,2.02,2.93,16.49,29.26,1.63,30.65,0.33,,,,0.17,0.98,13.6,91.98,0.71,189.77,0.0,0.0,144.26,746.32,
2024-01-31,32.28,65.31,0.83,2.02,2.94,16.8,28.7,1.49,30.59,0.3,,,,0.15,0.89,14.98,92.14,1.17,224.71,0.0,0.0,144.28,745.42,
2024-02-01,18.39,69.84,0.82,2.0,2.91,14.99,29.07,0.2,30.58,0.04,,,,0.03,0.18,15.65,92.8,1.38,244.32,0.04,0.04,145.04,745.67,
2024-02-02,17.76,135.9,0.81,2.02,2.91,23.02,28.96,0.28,30.34,0.06,,,,0.03,0.17,14.08,88.29,1.14,177.11,0.0,0.0,145.31,747.84,
2024-02-03,25.61,150.37,0.81,2.02,2.91,13.99,28.83,0.47,30.53,0.09,,,,0.05,0.28,15.25,77.04,0.53,125.12,0.0,0.0,145.36,747.0,
2024-02-04,20.87,120.71,0.83,2.05,2.98,14.76,28.83,0.52,30.41,0.1,,,,0.05,0.31,16.41,87.31,1.02,227.89,0.12,0.12,146.13,746.27,
2024-02-05,17.32,145.81,0.82,2.03,2.93,16.43,29.14,0.52,30.38,0.1,,,,0.07,0.31,16.66,89.14,1.22,197.63,0.01,0.01,148.46,746.76,
2024-02-06,18.44,120.84,0.8,2.05,2.92,11.97,28.78,0.86,30.19,0.17,,,,0.09,0.52,14.25,77.47,1.52,182.9,0.02,0.02,148.89,748.3,
2024-02-07,17.7,113.5,0.81,2.05,2.94,10.28,28.69,0.87,29.89,0.17,,,,0.09,0.52,14.62,67.13,1.28,152.98,0.01,0.01,149.19,748.77,
2024-02-08,15.64,122.71,0.8,2.03,2.91,10.16,28.55,0.79,30.11,0.16,,,,0.08,0.48,14.59,66.44,1.18,115.08,0.0,0.0,149.3,747.67,
2024-02-09,24.83,143.73,0.8,2.08,2.95,9.19,28.69,1.14,30.39,0.23,,,,0.12,0.68,15.48,60.15,0.77,139.59,0.01,0.01,149.41,747.92,
2024-02-10,37.04,183.5,0.8,2.06,2.94,9.39,28.56,1.68,30.13,0.34,,,,0.17,1.01,14.7,69.96,0.71,161.17,0.0,0.0,149.49,749.16,
2024-02-11,38.79,177.74,0.84,2.05,2.98,10.63,28.64,1.57,29.89,0.31,,,,0.16,0.94,15.75,75.74,0.95,151.41,0.0,0.0,149.54,748.86,
2024-02-12,32.89,187.43,0.81,2.05,2.95,11.43,28.99,1.29,30.53,0.26,,,,0.13,0.78,16.02,76.28,0.78,198.07,0.0,0.0,149.57,748.23,
2024-02-13,31.46,135.81,0.83,1.98,2.91,12.34,29.76,1.22,30.52,0.24,,,,0.13,0.73,16.83,76.27,1.09,218.18,0.01,0.01,149.62,747.5,
2024-02-14,37.63,174.37,0.82,2.04,2.95,13.03,30.88,1.4,30.23,0.28,,,,0.15,0.84,18.03,71.34,1.22,182.69,0.0,0.0,149.75,747.36,
2024-02-15,33.77,166.82,0.8,2.03,2.91,11.67,30.53,1.47,30.59,0.29,,,,0.15,0.88,17.92,73.05,0.87,155.67,0.0,0.0,149.79,748.19,
2024-02-16,35.97,203.41,0.8,2.06,2.93,10.92,30.5,1.59,30.89,0.32,,,,0.17,0.96,17.75,69.66,0.83,142.08,0.0,0.0,149.84,748.28,
2024-02-17,32.01,166.46,0.81,2.05,2.94,10.27,30.48,1.59,31.01,0.32,,,,0.17,0.95,18.4,64.61,0.74,122.58,0.01,0.01,149.92,745.13,
2024-02-18,34.6,201.26,0.81,2.0,2.89,11.02,31.0,1.71,31.09,0.34,,,,0.18,1.03,19.67,66.59,0.87,197.03,0.0,0.0,150.0,743.22,
2024-02-19,21.18,137.6,0.81,2.03,2.92,12.11,30.04,0.93,32.02,0.19,,,,0.1,0.56,21.43,66.31,1.81,290.5,0.01,0.01,150.08,741.74,
2024-02-20,25.43,149.84,0.8,2.02,2.9,13.96,30.03,0.95,31.9,0.19,,,,0.1,0.57,21.39,74.35,1.2,210.57,0.08,0.08,150.57,741.45,
2024-02-21,26.84,151.25,0.81,2.0,2.89,14.77,30.49,1.0,33.2,0.2,,,,0.1,0.6,21.12,71.62,1.02,170.51,0.0,0.0,152.14,741.31,
2024-02-22,15.84,133.15,0.8,2.03,2.91,12.6,29.67,0.74,32.95,0.15,,,,0.08,0.44,20.43,53.87,1.32,172.36,0.01,0.01,152.29,743.28,
2024-02-23,17.68,95.43,0.79,2.04,2.91,9.13,29.62,0.85,31.04,0.17,,,,0.09,0.51,17.96,53.23,1.2,178.42,0.0,0.0,152.36,745.56,
2024-02-24,17.16,133.01,0.81,2.02,2.92,9.62,29.71,0.86,31.18,0.17,,,,0.09,0.52,17.97,55.86,0.92,204.03,0.0,0.0,152.39,745.68,
2024-02-25,17.47,120.0,0.78,2.09,2.94,9.21,29.85,0.83,30.84,0.17,,,,0.09,0.5,18.42,53.85,1.07,219.45,0.01,0.01,152.47,747.11,
2024-02-26,21.52,181.58,0.81,2.04,2.94,8.74,30.05,0.95,31.13,0.19,,,,0.1,0.57,18.44,55.4,0.95,203.93,0.0,0.0,152.61,747.16,
2024-02-27,19.25,158.75,0.79,2.06,2.92,9.2,30.56,0.91,30.64,0.18,,,,0.09,0.55,19.04,59.35,1.62,184.84,0.01,0.01,152.77,746.81,
2024-02-28,14.94,156.07,0.8,2.06,2.94,9.52,30.44,0.83,30.58,0.16,,,,0.09,0.5,18.76,64.62,1.42,160.01,0.0,0.0,152.86,745.65,
2024-02-29,20.19,124.38,0.8,2.03,2.91,9.44,30.52,0.91,30.75,0.18,,,,0.1,0.55,19.91,63.45,0.84,124.0,0.0,0.0,152.91,744.97,
2024-03-01,19.96,153.23,0.83,2.03,2.95,10.58,30.35,1.16,30.94,0.23,,,,0.12,0.7,21.12,68.15,1.14,212.24,0.07,0.07,153.24,744.25,
2024-03-02,7.23,105.09,0.81,2.03,2.92,12.43,30.58,0.62,31.46,0.12,,,,0.06,0.37,19.83,85.25,1.84,252.11,0.1,0.1,155.96,742.84,
2024-03-03,9.02,99.42,0.81,2.0,2.89,14.02,30.73,0.68,31.79,0.14,,,,0.07,0.41,19.62,90.08,1.35,268.06,0.0,0.0,156.96,742.51,
2024-03-04,16.64,93.09,0.82,2.02,2.92,11.82,30.93,0.82,31.12,0.16,,,,0.08,0.49,17.72,66.27,1.65,201.97,0.0,0.0,157.01,745.48,
2024-03-05,20.45,144.17,0.82,2.02,2.92,9.59,30.93,1.03,30.38,0.21,,,,0.11,0.62,16.74,59.59,1.63,187.92,0.0,0.0,157.06,746.44,
2024-03-06,18.26,118.91,0.81,2.06,2.95,8.85,30.81,0.95,30.87,0.19,,,,0.1,0.57,17.3,59.04,0.97,154.08,0.0,0.0,157.07,745.33,
2024-03-07,27.97,150.66,0.79,2.08,2.94,9.13,30.87,1.28,31.33,0.26,,,,0.13,0.77,19.28,59.7,0.86,160.79,0.0,0.0,157.12,744.84,
2024-03-08,23.49,111.49,0.79,2.07,2.94,9.46,31.42,1.23,31.13,0.25,,,,0.13,0.74,20.24,59.0,1.07,178.22,0.0,0.0,157.2,745.33,
2024-03-09,20.0,150.14,0.8,2.05,2.93,8.77,31.42,1.02,30.74,0.2,,,,0.11,0.61,19.99,57.47,1.39,157.96,0.0,0.0,157.26,745.42,
2024-03-10,19.39,172.06,0.81,2.06,2.96,8.21,30.93,0.95,31.0,0.19,,,,0.1,0.57,21.27,54.84,0.91,134.88,0.0,0.0,157.3,745.16,
2024-03-11,24.38,149.48,0.81,2.02,2.91,12.04,31.84,1.15,31.36,0.23,,,,0.12,0.69,23.37,56.86,0.87,197.27,0.0,0.0,157.34,745.76,
2024-03-12,28.36,173.44,0.79,2.0,2.88,12.78,31.57,1.26,31.6,0.25,,,,0.13,0.76,23.46,58.32,1.15,176.24,0.0,0.0,157.39,744.32,
2024-03-13,20.18,140.55,0.81,1.99,2.88,12.76,31.9,1.21,32.07,0.24,,,,0.13,0.73,22.49,67.11,1.22,178.04,0.01,0.01,157.51,742.75,
2024-03-14,22.77,147.8,0.81,2.04,2.93,12.39,32.15,1.04,30.55,0.21,,,,0.11,0.62,22.51,65.97,1.46,193.84,0.01,0.01,157.77,744.3,
2024-03-15,15.38,157.49,0.83,2.02,2.93,9.15,30.99,0.75,30.3,0.15,,,,0.08,0.45,22.01,52.02,1.55,164.31,0.0,0.0,157.93,744.24,
2024-03-16,27.06,134.15,0.83,2.05,2.97,8.36,31.18,1.15,30.35,0.23,,,,0.12,0.69,21.18,49.88,0.85,162.57,0.0,0.0,158.01,745.42,
2024-03-17,28.61,159.41,0.82,2.04,2.95,8.48,31.3,1.23,30.2,0.25,,,,0.13,0.74,21.49,55.0,0.98,161.15,0.0,0.0,158.08,745.03,
2024-03-18,24.1,150.07,0.8,2.06,2.93,8.72,31.9,1.05,30.73,0.21,,,,0.11,0.63,22.37,51.31,1.15,163.46,0.0,0.0,158.12,743.89,
2024-03-19,25.99,123.76,2.3,2.04,4.89,11.07,31.86,1.1,31.3,0.22,,,,0.11,0.66,22.8,53.7,0.91,158.02,0.0,0.0,158.14,743.57,
2024-03-20,33.7,152.05,0.81,2.05,2.94,12.23,32.36,1.33,30.45,0.27,,,,0.14,0.8,23.98,53.72,1.19,180.73,0.0,0.0,158.17,743.51,
2024-03-21,20.23,114.65,0.81,2.04,2.92,12.08,32.13,1.01,31.54,0.2,,,,0.1,0.6,23.17,66.61,1.27,263.45,0.0,0.0,158.25,743.61,
2024-03-22,20.64,132.4,0.8,2.01,2.89,13.72,32.8,0.98,32.28,0.2,,,,0.1,0.59,25.78,62.08,0.98,225.25,0.0,0.0,158.34,741.0,
2024-03-23,26.41,122.14,0.82,2.01,2.91,12.99,32.03,1.13,31.54,0.23,,,,0.12,0.68,26.41,56.45,1.35,178.87,0.0,0.0,158.41,740.03,
2024-03-24,31.31,157.84,0.8,2.03,2.9,10.32,31.92,1.14,30.7,0.23,,,,0.12,0.69,25.51,54.54,1.86,163.92,0.0,0.0,158.53,741.9,
2024-03-25,20.17,103.82,0.81,2.05,2.95,10.79,31.77,0.92,30.82,0.18,,,,0.1,0.55,26.39,52.99,1.7,172.69,0.0,0.0,158.62,743.01,
2024-03-26,18.95,93.13,0.8,2.01,2.89,9.79,32.28,0.76,31.56,0.15,,,,0.08,0.45,27.1,52.94,0.82,149.58,0.0,0.0,158.71,742.49,
2024-03-27,26.45,133.88,0.81,2.03,2.93,11.01,32.6,1.2,31.82,0.24,,,,0.13,0.72,28.59,50.98,0.82,191.99,0.0,0.0,158.75,743.63,
2024-03-28,23.95,105.12,0.81,2.04,2.94,11.06,33.09,1.08,30.14,0.22,,,,0.11,0.65,30.52,51.19,0.96,169.03,0.0,0.0,158.81,741.65,
2024-03-29,32.71,142.1,0.82,2.01,2.92,8.98,33.99,1.28,31.0,0.26,,,,0.13,0.77,29.89,58.45,1.23,207.9,0.0,0.0,158.89,740.91,
2024-03-30,23.61,113.36,0.82,2.02,2.93,7.47,33.0,0.81,31.64,0.16,,,,0.08,0.49,30.84,50.45,1.56,183.01,0.0,0.0,158.95,741.11,
2024-03-31,28.57,134.79,0.82,2.01,2.92,8.45,32.27,1.06,31.84,0.21,,,,0.11,0.64,29.69,46.24,1.5,177.24,0.0,0.0,158.99,741.88,
2024-04-01,18.46,102.73,0.79,2.07,2.92,10.87,31.8,0.73,31.4,0.14,,,,0.08,0.44,27.09,48.15,1.68,155.01,0.0,0.0,159.03,740.57,
2024-04-02,21.78,133.01,0.79,2.09,2.95,8.87,31.86,0.82,30.61,0.16,,,,0.09,0.49,27.03,40.41,1.15,160.06,0.0,0.0,159.04,739.78,
2024-04-03,22.47,135.03,0.8,2.08,2.95,9.06,32.44,0.82,30.27,0.16,,,,0.09,0.49,28.93,38.25,0.88,191.53,0.0,0.0,159.05,740.26,
2024-04-04,30.53,141.12,0.79,2.04,2.91,11.15,34.05,1.04,30.4,0.21,,,,0.11,0.63,29.83,37.92,0.89,184.46,0.0,0.0,159.09,740.13,
2024-04-05,27.2,120.63,0.76,2.06,2.88,10.11,33.99,0.96,30.32,0.19,,,,0.1,0.57,29.47,37.89,1.36,171.42,0.0,0.0,159.11,739.96,
2024-04-06,24.44,107.9,0.8,2.06,2.94,7.32,33.66,0.83,30.08,0.17,,,,0.09,0.5,29.22,34.16,0.86,159.29,0.0,0.0,159.2,740.04,
2024-04-07,26.45,160.07,0.81,2.05,2.95,5.99,33.73,1.01,30.32,0.2,,,,0.11,0.61,28.88,30.59,1.05,170.07,0.01,0.01,159.38,740.02,
2024-04-08,25.97,152.15,0.78,2.06,2.92,9.07,32.98,1.01,31.32,0.2,,,,0.1,0.6,29.58,30.45,0.91,155.99,0.0,0.0,159.49,740.75,
2024-04-09,26.52,116.53,0.78,2.11,2.95,10.8,32.9,1.01,31.79,0.2,,,,0.11,0.61,29.79,33.79,0.86,177.3,0.0,0.0,159.53,741.15,
2024-04-10,29.52,141.63,0.8,2.04,2.92,9.11,32.64,0.89,31.48,0.18,,,,0.09,0.53,29.87,34.34,1.15,187.68,0.0,0.0,159.55,741.23,
2024-04-11,21.35,105.59,0.78,2.09,2.94,8.46,32.78,0.75,31.02,0.15,,,,0.08,0.45,30.61,36.84,0.86,197.29,0.0,0.0,159.61,741.95,
2024-04-12,29.64,87.61,0.81,2.1,2.98,8.73,34.34,1.04,30.16,0.21,,,,0.11,0.63,31.17,35.18,1.01,223.38,0.0,0.0,159.68,741.49,
2024-04-13,18.52,59.03,0.8,2.03,2.91,8.14,33.09,0.7,30.86,0.14,,,,0.07,0.42,31.21,40.07,1.15,196.18,0.0,0.0,159.77,741.17,
2024-04-14,23.05,70.11,0.8,2.05,2.93,6.94,32.92,0.85,32.21,0.17,,,,0.09,0.51,29.46,49.82,1.94,197.35,0.0,0.0,159.84,742.34,
2024-04-15,25.62,81.51,0.82,2.03,2.93,4.77,33.83,0.99,31.35,0.2,,,,0.1,0.59,30.58,52.41,1.01,176.88,0.0,0.0,159.91,742.35,
2024-04-16,24.51,84.06,0.81,2.0,2.9,5.33,33.26,0.82,32.23,0.16,,,,0.09,0.49,31.7,42.17,1.53,150.3,0.0,0.0,159.98,741.33,
2024-04-17,21.21,76.15,0.78,2.06,2.9,5.1,32.88,0.66,30.84,0.13,,,,0.07,0.4,30.21,32.62,1.42,139.9,0.0,0.0,160.02,740.4,
2024-04-18,18.71,76.56,0.81,2.04,2.94,4.38,32.79,0.57,29.75,0.12,,,,0.06,0.34,32.89,29.22,1.03,130.79,0.0,0.0,160.1,739.19,
2024-04-19,36.01,118.61,0.78,2.04,2.88,8.14,36.65,0.69,32.02,0.14,,,,0.07,0.41,33.78,31.05,0.88,146.59,0.0,0.0,160.17,737.36,
2024-04-20,39.12,207.65,0.83,2.0,2.92,4.02,34.33,0.59,30.92,0.12,,,,0.06,0.36,32.91,27.8,1.13,138.93,0.0,0.0,160.28,737.21,
2024-04-21,24.3,130.92,0.81,2.05,2.93,4.08,34.98,0.8,30.69,0.16,,,,0.08,0.48,31.48,37.12,1.11,165.91,0.0,0.0,160.34,738.41,
2024-04-22,21.11,158.29,0.84,1.97,2.91,5.38,34.12,0.76,30.83,0.15,,,,0.08,0.45,31.44,37.11,1.52,187.03,0.0,0.0,160.36,738.81,
2024-04-23,13.91,114.48,0.81,2.02,2.92,5.89,33.39,0.55,30.82,0.11,,,,0.06,0.33,31.79,36.25,1.71,197.46,0.02,0.02,160.7,738.51,
2024-04-24,19.58,121.6,0.8,2.03,2.91,4.04,33.55,0.63,30.2,0.13,,,,0.07,0.38,31.08,37.53,0.97,173.3,0.0,0.0,160.83,738.59,
2024-04-25,33.57,175.7,0.73,1.87,2.67,10.71,43.84,1.06,34.5,0.21,,,,0.11,0.64,32.4,31.8,1.1,145.29,0.01,0.01,160.92,738.61,
2024-04-26,30.36,168.32,0.84,2.03,2.95,3.72,34.31,1.12,31.84,0.22,,,,0.12,0.67,33.37,31.43,0.82,143.94,0.0,0.0,161.04,737.99,
2024-04-27,19.27,130.89,0.82,2.0,2.91,4.65,33.0,0.6,33.44,0.12,,,,0.06,0.36,33.04,38.64,0.96,173.47,0.0,0.0,161.12,738.5,
2024-04-28,32.68,163.46,0.82,2.01,2.92,4.62,33.9,0.93,32.61,0.19,,,,0.1,0.56,32.55,34.54,1.0,174.09,0.0,0.0,161.2,739.09,
2024-04-29,26.87,147.59,0.84,2.02,2.95,4.51,34.48,0.81,30.78,0.16,,,,0.08,0.49,33.6,33.32,1.5,194.32,0.0,0.0,161.22,738.42,
2024-04-30,21.94,142.39,0.82,2.06,2.96,4.78,34.79,0.67,31.09,0.14,,,,0.07,0.4,31.62,30.84,1.4,165.23,0.0,0.0,161.26,738.05,
2024-05-01,27.65,149.19,0.77,1.99,2.83,6.28,39.31,0.78,33.57,0.16,,,,0.08,0.47,28.72,26.8,1.88,172.3,0.01,0.01,161.35,736.54,
2024-05-02,27.87,146.28,0.8,1.93,2.82,4.16,39.25,0.85,31.19,0.17,,,,0.09,0.51,29.25,27.95,1.36,150.11,0.0,0.0,161.56,737.67,
2024-05-03,26.56,128.01,0.85,1.99,2.96,1.92,35.83,0.82,29.77,0.16,,,,0.08,0.49,32.14,24.52,1.13,150.33,0.01,0.01,161.66,738.28,
2024-05-04,41.46,189.69,0.82,2.0,2.92,2.76,38.1,1.2,29.18,0.24,,,,0.13,0.72,33.76,24.64,0.62,119.91,0.0,0.0,161.84,738.24,
2024-05-05,25.82,130.78,0.85,2.0,2.94,3.71,36.48,0.78,28.57,0.15,,,,0.08,0.46,34.96,25.55,0.93,169.29,0.0,0.0,161.87,735.21,
2024-05-06,33.0,132.34,0.84,2.0,2.93,5.67,41.71,1.11,29.97,0.22,,,,0.12,0.67,35.13,29.72,1.09,159.57,0.0,0.0,161.91,736.83,
2024-05-07,33.62,169.73,0.84,2.01,2.94,6.73,37.8,1.18,28.9,0.24,,,,0.12,0.71,34.8,39.52,1.12,217.88,0.0,0.0,162.0,737.71,
2024-05-08,24.05,130.41,0.84,1.99,2.93,5.56,34.96,0.8,30.59,0.16,,,,0.08,0.48,32.61,55.25,1.67,268.17,0.0,0.0,162.1,738.43,
2024-05-09,17.74,102.43,0.85,1.96,2.91,4.65,34.92,0.73,30.42,0.15,,,,0.08,0.44,31.66,53.76,1.44,249.95,0.0,0.0,162.18,738.15,
2024-05-10,20.92,121.74,0.83,2.0,2.91,3.55,35.13,0.84,31.1,0.17,,,,0.09,0.5,32.9,54.03,1.39,254.34,0.0,0.0,162.24,738.76,
2024-05-11,32.8,201.8,0.8,2.01,2.89,1.9,34.58,0.69,31.53,0.14,,,,0.07,0.42,32.61,47.06,1.77,227.01,0.0,0.0,162.35,740.53,
2024-05-12,27.8,111.32,0.81,2.05,2.93,2.33,35.34,0.76,31.54,0.15,,,,0.08,0.45,34.33,44.96,1.32,203.54,0.0,0.0,162.42,740.22,
2024-05-13,32.25,130.24,0.8,2.01,2.89,2.29,35.8,0.85,30.62,0.17,,,,0.09,0.51,32.47,58.65,1.38,219.24,0.13,0.13,163.31,740.2,
2024-05-14,28.36,143.21,0.8,2.06,2.94,8.48,36.54,0.96,29.36,0.19,,,,0.1,0.58,33.41,52.35,0.94,191.17,0.0,0.0,165.64,740.46,
2024-05-15,25.49,138.36,0.8,2.02,2.9,5.59,35.67,0.71,29.25,0.14,,,,0.07,0.43,35.25,34.4,1.12,149.63,0.0,0.0,165.67,740.32,
2024-05-16,39.01,151.52,0.78,2.06,2.9,5.29,36.67,1.02,29.2,0.2,,,,0.11,0.61,35.36,35.27,1.19,215.25,0.0,0.0,165.72,739.64,
2024-05-17,32.01,141.16,0.82,2.04,2.92,5.06,36.87,0.99,29.27,0.2,,,,0.1,0.59,37.47,31.13,0.98,194.02,0.0,0.0,165.77,737.39,
2024-05-18,33.85,142.14,0.81,2.03,2.91,4.88,37.63,0.97,30.41,0.19,,,,0.1,0.58,37.76,29.01,1.39,177.04,0.0,0.0,165.79,735.28,
2024-05-19,29.24,141.69,0.78,2.03,2.86,5.19,37.44,1.07,31.42,0.21,,,,0.11,0.64,38.34,29.68,1.18,170.31,0.01,0.01,165.92,734.19,
2024-05-20,24.55,142.35,6.57,2.38,11.04,3.61,35.55,0.65,31.88,0.13,,,,0.07,0.39,37.46,29.95,1.13,170.46,0.01,0.01,166.08,734.88,
2024-05-21,26.68,169.64,2.58,2.08,5.32,5.5,36.11,0.9,30.76,0.18,,,,0.09,0.54,35.21,49.14,1.36,251.9,0.0,0.0,166.19,735.74,
2024-05-22,20.99,127.13,0.81,2.04,2.92,4.38,36.27,0.83,32.75,0.17,,,,0.09,0.5,35.64,51.29,1.44,264.42,0.0,0.0,166.26,735.83,
2024-05-23,17.63,141.97,0.78,2.06,2.9,2.46,35.04,0.7,35.08,0.14,,,,0.07,0.42,34.95,52.66,1.56,268.64,0.01,0.01,166.36,735.44,
2024-05-24,15.68,123.24,0.8,2.03,2.9,2.18,35.35,0.68,33.26,0.14,,,,0.07,0.41,34.68,53.84,1.33,257.54,0.0,0.0,166.43,735.39,
2024-05-25,22.6,169.0,0.79,1.99,2.84,3.36,37.13,0.93,30.07,0.18,,,,0.1,0.56,37.45,47.87,0.96,210.02,0.0,0.0,166.45,733.99,
2024-05-26,25.94,164.34,0.79,2.03,2.88,3.25,37.29,0.99,31.72,0.2,,,,0.1,0.59,38.17,39.39,1.14,188.02,0.0,0.0,166.49,732.7,
2024-05-27,26.8,153.28,5.89,4.97,6.0,2.61,39.98,1.01,31.94,0.2,,,,0.11,0.61,38.46,35.48,0.88,207.59,0.0,0.0,166.56,730.6,
2024-05-28,25.73,133.64,2.34,9.68,11.87,5.52,39.31,0.93,19.68,0.18,,,,0.1,0.56,39.13,32.66,1.26,205.39,0.0,0.0,166.58,729.37,
2024-05-29,26.52,154.81,2.36,9.65,11.88,4.99,36.73,0.74,22.17,0.15,,,,0.08,0.44,38.55,33.78,1.29,197.36,0.0,0.0,166.63,730.4,
2024-05-30,24.68,129.22,2.39,9.68,11.91,4.69,36.25,0.69,23.05,0.14,,,,0.07,0.41,35.88,42.04,1.32,193.4,0.02,0.02,166.84,732.92,
2024-05-31,23.97,126.18,2.39,9.68,11.92,3.98,38.08,0.64,22.05,0.13,,,,0.07,0.38,38.39,35.72,1.31,185.23,0.0,0.0,167.17,733.68,
2024-06-01,32.38,,2.4,9.7,11.93,3.19,37.17,0.83,21.94,0.17,,,,0.09,0.5,36.62,36.76,1.85,178.67,0.0,0.0,167.22,734.87,
2024-06-02,18.24,95.37,2.38,9.71,11.94,2.02,36.25,0.58,22.03,0.12,,,,0.06,0.35,36.36,36.99,1.02,199.92,0.0,0.0,167.28,736.27,
2024-06-03,20.58,129.83,2.38,9.7,11.93,2.25,35.9,0.64,20.45,0.13,,,,0.07,0.38,37.95,34.9,0.78,171.13,0.0,0.0,167.34,735.45,
2024-06-04,27.6,132.4,2.38,9.73,11.95,6.58,35.47,0.67,20.53,0.13,,,,0.07,0.4,36.88,36.77,1.54,194.08,0.0,0.0,167.38,735.34,
2024-06-05,23.58,116.82,2.3,9.49,11.63,23.13,40.56,0.65,24.72,0.13,,,,0.07,0.39,37.91,36.43,1.07,172.03,0.03,0.03,167.49,735.57,
2024-06-06,18.24,113.87,2.45,9.65,11.98,10.16,34.74,0.51,21.26,0.1,,,,0.05,0.31,34.91,45.97,1.54,192.01,0.0,0.0,168.1,737.85,
2024-06-07,59.57,195.44,2.41,9.64,11.92,10.18,35.09,0.49,21.89,0.1,,,,0.05,0.29,35.78,38.67,1.41,159.62,0.0,0.0,168.14,736.28,
2024-06-08,48.0,216.51,2.44,9.62,11.93,8.21,35.15,0.49,22.27,0.1,,,,0.05,0.3,35.8,39.34,1.43,167.63,0.01,0.01,168.32,735.2,
2024-06-09,21.82,121.82,2.41,9.66,11.93,6.21,36.68,0.68,21.96,0.13,,,,0.07,0.41,36.33,30.89,1.51,171.0,0.0,0.0,168.4,735.01,
2024-06-10,21.62,103.99,2.42,9.64,11.93,7.19,38.39,0.87,20.34,0.17,,,,0.09,0.52,37.35,29.23,1.15,177.58,0.0,0.0,168.45,735.11,
2024-06-11,23.97,123.22,2.43,9.6,11.89,13.19,39.03,0.7,19.89,0.14,,,,0.07,0.42,37.5,32.58,0.87,190.07,0.0,0.0,168.49,734.75,
2024-06-12,23.6,149.85,2.44,9.63,11.93,9.34,36.01,0.6,22.32,0.12,,,,0.06,0.36,38.9,30.39,1.4,169.41,0.0,0.0,168.55,734.36,
2024-06-13,21.35,107.61,2.39,9.64,11.88,12.38,35.51,0.52,22.59,0.1,,,,0.05,0.31,38.52,32.47,1.41,145.23,0.02,0.02,168.78,733.8,
2024-06-14,17.11,90.34,2.42,9.62,11.9,14.4,34.92,0.46,23.57,0.09,,,,0.05,0.28,35.57,45.22,1.42,142.27,0.02,0.02,169.35,733.71,
2024-06-15,15.27,95.59,2.38,9.65,11.88,15.43,34.92,0.47,23.36,0.09,,,,0.05,0.28,37.71,38.45,1.3,156.93,0.0,0.0,169.75,733.38,
2024-06-16,16.52,99.24,2.39,9.6,11.86,13.59,35.51,0.52,23.44,0.1,,,,0.05,0.31,39.58,32.48,1.3,164.23,0.0,0.0,169.76,733.64,
2024-06-17,19.83,76.23,2.4,9.61,11.88,11.99,36.15,0.51,23.34,0.1,,,,0.05,0.31,39.55,37.32,1.25,142.65,0.0,0.0,169.76,733.69,
2024-06-18,18.56,91.54,2.36,9.61,11.84,9.01,35.65,0.45,24.35,0.09,,,,0.05,0.27,39.7,39.98,1.73,160.01,0.0,0.0,169.8,732.19,
2024-06-19,14.58,109.43,2.38,9.66,11.9,7.47,34.96,0.42,23.46,0.08,,,,0.04,0.25,37.06,46.97,1.42,138.72,0.02,0.02,169.96,730.87,
2024-06-20,16.46,74.75,2.39,9.67,11.91,5.52,35.27,0.51,22.76,0.1,,,,0.05,0.31,33.12,58.31,1.69,206.04,0.01,0.01,170.62,732.33,
2024-06-21,22.8,95.36,2.42,9.64,11.92,5.78,35.47,0.53,22.31,0.11,,,,0.06,0.32,34.43,57.6,1.13,164.76,0.0,0.0,170.64,733.64,
2024-06-22,28.44,116.75,2.39,9.66,11.89,6.07,35.89,0.76,23.62,0.15,,,,0.08,0.45,33.51,61.65,1.4,216.87,0.01,0.01,170.79,733.65,
2024-06-23,18.58,76.46,2.4,9.62,11.88,4.32,36.21,0.8,23.23,0.16,,,,0.08,0.48,34.74,60.74,1.15,239.33,0.01,0.01,171.09,734.09,
2024-06-24,15.52,89.15,2.38,9.66,11.87,4.45,35.89,0.7,23.3,0.14,,,,0.07,0.42,32.86,71.57,1.25,230.01,0.11,0.11,172.09,733.31,
2024-06-25,14.65,78.06,2.4,9.68,11.92,4.03,35.73,0.75,23.63,0.15,,,,0.08,0.45,32.92,74.15,1.21,218.49,0.0,0.0,173.84,732.57,
2024-06-26,16.7,107.04,2.37,9.66,11.86,3.4,36.01,0.74,24.51,0.15,,,,0.08,0.44,31.65,79.17,1.2,240.74,0.02,0.02,174.01,732.98,
2024-06-27,9.38,61.99,2.4,9.67,11.92,4.16,35.73,0.58,24.78,0.12,,,,0.06,0.35,29.78,86.2,1.25,242.1,0.02,0.02,174.58,734.85,
2024-06-28,12.14,82.41,2.38,9.68,11.91,3.52,35.57,0.6,24.47,0.12,,,,0.06,0.36,29.74,87.41,1.06,227.4,0.44,0.44,183.1,734.23,
2024-06-29,8.08,85.8,2.39,9.71,11.94,2.99,34.75,0.56,25.36,0.11,,,,0.06,0.34,28.92,91.76,0.97,208.31,0.02,0.02,185.62,733.4,
2024-06-30,9.91,85.55,2.38,9.67,11.89,2.41,35.0,0.58,25.27,0.11,,,,0.06,0.35,29.93,90.97,0.89,182.89,0.22,0.22,187.52,732.76,
2024-07-01,7.98,50.46,2.36,9.67,11.87,4.05,35.86,0.58,25.92,0.11,,,,0.06,0.35,29.22,93.78,0.67,153.51,0.01,0.0,191.08,731.87,
2024-07-02,,,,,,,,,,,,,,,,,,,,,0.0,,,
2024-07-03,,27.89,2.43,9.68,11.54,0.02,34.05,0.47,25.22,0.09,,,,0.05,0.3,28.63,90.36,1.26,275.14,0.0,0.0,0.0,733.51,
2024-07-04,5.01,57.48,2.39,9.66,11.9,8.48,34.59,0.51,25.11,0.1,,,,0.05,0.31,27.12,97.31,0.62,193.37,0.3,0.3,5.06,733.82,
2024-07-05,6.75,40.58,2.39,9.69,11.88,5.01,34.44,0.54,25.81,0.11,,,,0.06,0.32,28.81,93.73,0.76,218.37,0.11,0.11,8.21,731.45,
2024-07-06,6.13,114.35,2.39,9.63,11.88,2.06,34.37,0.48,25.83,0.1,,,,0.05,0.29,29.56,89.67,1.0,210.85,0.01,0.01,9.94,730.6,
2024-07-07,5.02,109.29,2.36,9.67,11.86,2.45,34.54,0.45,26.04,0.09,,,,0.05,0.27,29.97,84.52,1.49,197.18,0.01,0.01,10.15,733.12,
2024-07-08,10.61,134.11,2.4,9.63,11.69,8.05,35.27,0.54,27.47,0.11,,,,0.06,0.33,31.79,79.82,1.14,238.65,0.01,0.01,0.07,735.38,
2024-07-09,12.94,123.52,2.37,9.68,11.9,9.22,35.78,0.66,25.26,0.13,,,,0.07,0.4,31.19,88.27,0.87,217.05,0.05,0.05,0.59,735.83,
2024-07-10,14.14,87.59,2.39,9.68,11.93,8.9,35.66,0.67,25.29,0.13,,,,0.07,0.4,32.04,84.8,0.98,230.92,0.01,0.01,1.51,735.92,
2024-07-11,10.61,56.97,2.41,9.67,11.94,9.34,34.64,0.53,25.67,0.11,,,,0.06,0.32,33.04,75.74,0.72,162.92,0.01,0.01,1.78,733.26,
2024-07-12,10.28,90.01,2.4,9.67,11.93,9.54,34.72,0.5,25.51,0.1,,,,0.05,0.3,31.96,73.84,0.98,180.02,0.01,0.01,2.01,731.95,
2024-07-13,12.51,111.66,2.39,9.67,11.91,10.22,34.54,0.58,25.68,0.12,,,,0.06,0.35,30.44,83.0,0.87,206.05,0.03,0.03,2.37,732.35,
2024-07-14,,101.65,2.4,9.68,11.93,10.14,34.68,0.61,25.88,0.12,,,,0.07,0.37,32.79,77.62,0.79,228.32,0.04,0.04,3.19,732.22,
2024-07-15,9.97,109.82,2.39,9.68,11.92,11.52,35.88,0.65,25.62,0.13,,,,0.07,0.39,32.0,81.8,1.02,227.85,0.01,0.01,3.77,733.75,
2024-07-16,12.12,87.87,2.37,9.67,11.89,9.76,35.57,0.59,25.29,0.12,,,,0.06,0.36,33.68,75.67,1.3,258.2,0.01,0.01,4.04,734.2,
2024-07-17,10.6,106.64,2.38,9.66,11.9,25.26,36.23,0.56,25.29,0.11,,,,0.06,0.34,33.86,74.1,1.21,258.02,0.0,0.0,4.16,734.29,
2024-07-18,11.78,119.56,2.4,9.66,11.92,8.6,35.61,0.6,25.21,0.12,,,,0.06,0.36,32.18,78.75,1.08,247.67,0.0,0.0,4.25,733.43,
2024-07-19,13.43,112.52,2.4,9.65,11.89,9.92,35.66,0.66,25.84,0.13,,,,0.07,0.4,30.55,85.87,0.95,253.08,0.0,0.0,4.26,732.79,
2024-07-20,12.06,88.72,2.37,9.7,11.91,10.35,35.82,0.61,25.13,0.12,,,,0.06,0.37,32.46,78.75,0.76,220.83,0.0,0.0,4.32,733.16,
2024-07-21,12.17,129.99,2.4,9.66,11.92,9.04,35.06,0.62,25.54,0.12,,,,0.06,0.37,33.93,74.16,1.24,259.12,0.0,0.0,4.38,732.94,
2024-07-22,12.02,90.45,2.37,9.66,11.88,13.11,35.88,0.58,25.43,0.12,,,,0.06,0.35,33.5,76.57,1.39,252.45,0.0,0.0,4.46,733.16,
2024-07-23,8.91,87.85,2.39,9.68,11.91,9.72,35.84,0.55,25.12,0.11,,,,0.06,0.33,31.95,82.04,0.99,234.26,0.46,0.46,7.33,732.5,
2024-07-24,7.48,72.27,2.4,9.62,11.87,8.8,35.09,0.56,24.9,0.11,,,,0.06,0.33,29.28,92.71,0.8,188.46,0.01,0.01,15.55,730.14,
2024-07-25,8.91,29.36,2.41,9.62,11.9,14.19,27.79,0.55,20.77,0.11,,,,0.06,0.33,31.56,84.11,0.83,204.7,0.01,0.01,15.77,729.43,
2024-07-26,11.29,41.75,2.38,9.62,11.85,16.31,14.31,0.57,12.44,0.11,,,,0.06,0.34,31.04,88.37,1.06,189.02,0.14,0.14,18.13,730.44,
2024-07-27,8.61,41.42,2.38,9.69,11.91,7.53,13.35,0.56,12.65,0.11,,,,0.06,0.34,30.76,91.0,1.01,223.87,0.18,0.18,20.8,732.1,
2024-07-28,6.22,30.05,2.39,9.69,11.92,7.9,13.37,0.48,12.37,0.1,,,,0.05,0.29,32.16,82.1,1.23,231.57,0.01,0.01,23.7,732.16,
2024-07-29,9.66,66.58,2.38,9.63,11.85,23.89,14.37,0.55,12.44,0.11,,,,0.06,0.33,33.27,77.86,1.21,254.03,0.0,0.0,23.82,732.27,
2024-07-30,11.11,106.65,2.39,9.65,11.89,8.2,13.99,0.6,12.08,0.12,,,,0.06,0.36,33.91,78.13,0.96,231.07,0.0,0.0,23.92,733.54,
2024-07-31,8.33,69.79,2.39,9.63,11.87,23.85,14.25,0.56,12.49,0.11,,,,0.06,0.34,31.42,85.63,0.85,190.24,0.39,0.39,26.25,733.81,
2024-08-01,4.43,52.36,2.4,9.65,11.9,23.83,14.06,0.45,12.11,0.09,,,,0.05,0.27,29.29,87.47,0.73,214.07,0.02,0.02,33.97,733.57,
2024-08-02,6.11,44.29,2.37,9.68,11.9,13.93,14.04,0.48,12.58,0.1,,,,0.05,0.29,30.14,85.44,1.03,255.61,0.0,0.0,34.03,732.26,
2024-08-03,6.85,44.26,2.42,9.59,11.89,21.31,13.96,0.51,12.38,0.1,,,,0.05,0.31,30.38,83.53,1.15,260.77,0.01,0.01,34.12,733.8,
2024-08-04,6.59,33.32,2.4,9.68,11.94,15.39,13.71,0.45,12.05,0.09,,,,0.05,0.27,30.29,81.71,1.95,223.39,0.02,0.02,34.35,734.03,
2024-08-05,5.62,45.28,2.4,9.68,11.93,37.11,14.31,0.43,12.47,0.09,,,,0.04,0.26,29.4,86.33,1.64,279.65,0.04,0.04,34.89,734.34,
2024-08-06,9.06,44.89,2.38,9.65,11.88,25.54,14.36,0.47,12.39,0.1,,,,0.05,0.28,29.77,85.39,1.03,181.71,0.0,0.0,35.53,734.19,
2024-08-07,6.27,14.62,2.38,9.67,11.9,24.01,14.37,0.45,12.67,0.09,,,,0.05,0.27,28.19,92.53,0.72,167.38,0.02,0.02,35.75,734.79,
2024-08-08,4.36,13.35,2.35,9.65,11.84,57.12,16.35,0.43,12.89,0.09,,,,0.05,0.26,28.21,93.9,0.71,190.26,0.03,0.03,36.44,735.45,
2024-08-09,6.87,16.32,2.38,9.7,11.93,17.69,13.65,0.46,12.39,0.09,,,,0.05,0.28,28.04,93.92,0.82,192.69,0.0,0.0,36.63,736.39,
2024-08-10,5.7,21.56,2.22,9.25,11.31,51.96,30.08,0.64,14.53,0.13,,,,0.07,0.38,29.01,92.78,0.74,230.77,0.0,0.0,36.71,735.82,
2024-08-11,4.34,15.98,2.16,9.05,11.03,40.86,37.9,0.65,15.09,0.13,,,,0.07,0.39,28.2,95.34,0.86,216.66,0.14,0.14,38.17,734.76,
2024-08-12,12.37,102.24,2.3,9.37,11.17,41.27,24.89,0.55,13.69,0.11,,,,0.06,0.34,27.53,97.1,1.06,216.59,0.07,0.07,39.57,735.07,
2024-08-13,7.62,104.65,2.41,9.57,11.6,31.51,14.18,0.45,12.4,0.09,,,,0.05,0.28,29.19,90.98,0.98,255.87,0.05,0.05,41.94,736.17,
2024-08-14,9.18,75.2,2.41,9.63,11.9,32.08,14.94,0.53,12.64,0.11,,,,0.06,0.32,30.05,90.57,0.74,211.67,0.04,0.04,43.21,736.46,
2024-08-15,5.81,92.78,2.42,9.65,11.94,24.45,13.99,0.47,12.46,0.09,,,,0.05,0.28,29.43,91.78,0.93,247.74,0.03,0.03,44.52,735.81,
2024-08-16,7.47,111.54,2.38,9.65,11.88,26.53,14.5,0.52,12.33,0.1,,,,0.06,0.31,30.48,86.84,0.86,219.45,0.0,0.0,44.64,735.42,
2024-08-17,7.89,95.26,2.41,9.65,11.92,29.52,14.69,0.57,12.5,0.11,,,,0.06,0.34,31.29,84.99,0.5,177.05,0.0,0.0,44.69,737.17,
2024-08-18,9.17,111.8,2.39,9.68,11.92,24.59,14.07,0.47,12.35,0.09,,,,0.05,0.28,31.46,84.32,0.92,186.63,0.0,0.0,44.71,737.75,
2024-08-19,8.48,106.17,2.4,9.65,11.91,21.65,14.07,0.49,12.33,0.1,,,,0.05,0.29,30.36,88.41,0.66,190.2,0.0,0.0,44.77,737.17,
2024-08-20,6.74,91.91,2.37,9.7,11.91,25.21,14.99,0.47,12.41,0.09,,,,0.05,0.28,30.13,86.4,0.99,198.13,0.01,0.01,44.84,737.18,
2024-08-21,6.95,123.63,2.38,9.69,11.65,30.24,14.77,0.49,12.37,0.1,,,,0.05,0.3,29.09,90.58,0.68,216.35,0.08,0.08,44.91,737.94,
2024-08-22,6.49,73.14,2.41,9.67,11.95,25.63,14.43,0.45,12.17,0.09,,,,0.05,0.27,30.6,83.51,0.7,190.7,0.25,0.25,47.68,737.17,
2024-08-23,6.53,68.11,2.36,9.69,11.89,28.87,14.88,0.5,12.46,0.1,,,,0.05,0.3,28.26,92.99,0.73,206.35,0.04,0.04,53.56,737.58,
2024-08-24,9.87,78.16,2.38,9.68,11.92,23.59,14.41,0.63,12.35,0.13,,,,0.07,0.38,30.56,88.02,1.22,214.37,0.01,0.01,53.96,736.58,
2024-08-25,7.74,63.22,2.38,9.64,11.89,19.99,14.4,0.47,12.13,0.09,,,,0.05,0.28,30.17,84.19,1.62,238.84,0.01,0.01,54.26,734.77,
2024-08-26,8.35,72.63,2.4,9.64,11.91,19.06,14.4,0.49,12.3,0.1,,,,0.05,0.3,29.24,87.21,1.41,266.99,0.0,0.0,54.46,734.88,
2024-08-27,5.73,44.7,2.39,9.59,10.25,21.8,15.86,0.41,12.49,0.08,,,,0.05,0.29,27.77,92.1,1.2,274.7,0.16,0.16,49.67,736.69,
2024-08-28,6.82,74.12,2.38,9.69,11.92,28.64,15.26,0.52,12.49,0.1,,,,0.05,0.31,28.91,88.04,0.76,210.5,0.16,0.1,58.82,736.24,
2024-08-29,6.77,101.8,2.38,9.66,11.89,27.3,15.91,0.46,12.53,0.09,,,,0.05,0.28,29.3,87.16,1.08,252.05,0.06,0.06,62.13,737.02,
2024-08-30,7.39,64.69,2.43,9.64,11.93,20.44,14.41,0.47,12.24,0.09,,,,0.05,0.28,31.16,81.19,0.83,211.76,0.01,0.01,62.35,738.32,
2024-08-31,9.38,63.85,2.4,9.64,11.9,28.62,15.41,0.46,11.73,0.09,,,,0.05,0.28,31.26,81.57,0.9,169.18,0.0,0.0,62.46,737.93,
2024-09-01,13.99,72.05,2.41,9.62,11.9,26.75,14.81,0.59,11.71,0.12,,,,0.06,0.36,31.35,82.72,1.27,212.78,0.01,0.01,62.55,737.48,
2024-09-02,8.88,66.93,2.4,9.69,11.93,29.58,15.55,0.47,12.37,0.1,,,,0.05,0.28,29.77,87.08,1.2,247.41,0.01,0.01,62.73,738.05,
2024-09-03,8.51,53.1,2.37,9.69,11.91,28.81,15.39,0.48,12.37,0.1,,,,0.05,0.29,30.61,86.25,1.16,242.43,0.02,0.02,63.14,738.12,
2024-09-04,6.07,43.27,2.41,9.69,11.97,22.45,14.62,0.46,12.25,0.09,,,,0.05,0.28,28.78,86.83,1.22,206.74,0.01,0.01,63.55,736.8,
2024-09-05,6.69,53.87,2.39,9.66,11.9,26.06,15.01,0.49,12.39,0.1,,,,0.05,0.29,29.4,83.84,0.7,222.59,0.01,0.01,63.69,735.61,
2024-09-06,5.2,57.37,2.39,9.69,11.93,23.74,15.25,0.44,12.45,0.09,,,,0.05,0.27,27.37,92.5,1.03,213.77,0.07,0.07,64.59,736.56,
2024-09-07,5.15,53.22,2.38,9.66,11.89,20.45,15.39,0.43,12.35,0.09,,,,0.04,0.26,27.67,93.81,1.12,204.45,0.17,0.17,66.51,737.2,
2024-09-08,5.34,35.58,2.38,9.61,11.84,26.63,17.66,0.45,12.75,0.09,,,,0.05,0.27,27.06,97.74,1.06,207.96,0.15,0.08,71.07,737.67,
2024-09-09,7.19,104.85,2.42,9.72,11.74,9.06,15.75,0.58,11.33,0.12,,,,0.06,0.36,29.13,89.82,1.05,211.14,0.01,0.0,0.08,734.86,
2024-09-10,6.99,103.82,2.41,9.64,11.91,33.81,15.63,0.55,12.08,0.11,,,,0.06,0.33,29.55,87.4,1.08,222.99,0.01,0.01,0.16,735.0,
2024-09-11,4.83,64.89,2.38,9.64,11.87,21.5,16.06,0.43,12.32,0.09,,,,0.05,0.26,26.31,97.98,1.93,201.62,0.11,0.11,0.9,734.52,
2024-09-12,3.39,18.28,2.28,9.52,11.64,33.88,22.41,0.43,12.85,0.09,,,,0.05,0.25,25.38,100.0,3.88,198.76,1.48,0.23,6.16,732.13,
2024-09-13,5.26,48.54,2.4,9.6,11.48,8.22,15.89,0.43,12.19,0.09,,,,0.05,0.27,27.19,88.0,1.79,197.14,0.0,0.0,0.0,735.6,
2024-09-14,10.38,47.72,2.37,9.66,11.63,8.44,15.02,0.47,12.2,0.09,,,,0.05,0.29,28.85,81.02,1.0,169.55,0.04,0.02,0.1,736.3,
2024-09-15,11.87,24.97,2.41,9.67,11.94,11.38,15.08,0.6,11.99,0.12,,,,0.06,0.36,28.37,83.81,0.75,175.62,0.0,0.0,0.47,736.81,
2024-09-16,16.36,64.47,2.38,9.68,11.9,15.15,15.4,0.6,11.55,0.12,,,,0.06,0.36,29.13,80.28,0.97,169.49,0.0,0.0,0.49,737.83,
2024-09-17,13.5,120.15,2.4,9.67,11.92,18.1,16.09,0.63,11.98,0.13,,,,0.06,0.38,27.73,87.68,1.05,184.43,0.07,0.07,1.12,738.74,
2024-09-18,4.85,99.48,2.39,9.7,11.94,11.34,15.48,0.45,12.19,0.09,,,,0.05,0.27,22.96,98.72,2.09,210.96,0.4,0.4,6.28,737.43,
2024-09-19,6.19,69.87,2.37,9.65,11.86,21.96,16.76,0.51,12.35,0.1,,,,0.05,0.31,26.43,90.35,0.99,231.85,0.0,0.0,11.89,737.65,
2024-09-20,9.55,99.36,2.41,9.67,11.93,17.26,16.4,0.87,12.45,0.17,,,,0.09,0.52,28.25,86.46,0.44,171.03,0.0,0.0,11.95,738.11,
2024-09-21,10.5,111.9,2.36,9.7,11.9,25.97,16.75,0.94,12.33,0.19,,,,0.1,0.57,29.79,83.39,0.47,174.72,0.0,0.0,11.96,738.85,
2024-09-22,15.95,97.51,2.39,9.71,11.95,20.3,15.82,1.01,12.32,0.2,,,,0.11,0.61,30.81,83.36,0.64,165.32,0.0,0.0,12.01,738.45,
2024-09-23,22.43,136.61,2.41,9.65,11.92,16.89,16.21,1.03,11.67,0.21,,,,0.11,0.62,31.55,82.42,0.58,161.35,0.01,0.01,12.17,738.21,
2024-09-24,22.03,130.85,2.42,9.64,11.93,22.34,16.26,1.05,12.26,0.21,,,,0.11,0.63,31.96,82.08,0.55,197.4,0.01,0.01,12.36,737.35,
2024-09-25,14.77,92.73,2.38,9.67,11.89,27.3,17.04,0.83,12.41,0.17,,,,0.09,0.5,29.19,90.11,0.84,227.11,0.07,0.07,13.3,737.45,
2024-09-26,6.95,60.75,2.37,9.64,11.85,26.19,16.97,0.53,12.3,0.11,,,,0.06,0.32,29.68,84.82,1.08,246.93,0.0,0.0,14.28,737.37,
2024-09-27,4.22,97.58,2.32,9.48,11.65,37.68,23.32,0.49,13.28,0.1,,,,0.05,0.29,27.46,86.95,1.53,231.67,0.01,0.01,14.33,737.15,
2024-09-28,6.28,71.71,2.42,9.66,11.94,18.65,15.2,0.43,12.41,0.09,,,,0.04,0.26,25.69,92.36,1.3,221.4,0.01,0.01,14.56,738.77,
2024-09-29,8.56,97.7,2.42,9.65,11.94,18.27,15.93,0.52,12.34,0.1,,,,0.06,0.31,27.03,91.48,0.99,206.37,0.0,0.0,14.78,740.61,
2024-09-30,16.57,90.1,2.38,9.63,11.87,23.81,16.75,0.95,12.2,0.19,,,,0.1,0.57,29.62,82.86,0.61,152.58,0.0,0.0,14.9,740.11,
2024-10-01,21.24,90.65,2.38,9.68,11.91,24.82,16.67,0.99,11.6,0.2,,,,0.1,0.6,30.26,78.32,0.76,177.88,0.0,0.0,14.98,738.12,
2024-10-02,23.49,73.92,2.42,9.6,11.89,23.03,16.13,1.01,12.32,0.2,,,,0.1,0.6,31.07,72.05,0.83,168.78,0.01,0.01,15.08,737.63,
2024-10-03,20.18,70.76,2.4,9.67,11.92,25.52,16.59,0.82,11.89,0.16,,,,0.09,0.49,30.78,70.69,0.78,172.1,0.0,0.0,15.16,737.13,
2024-10-04,17.8,91.48,2.38,9.68,11.91,28.37,17.01,0.89,12.32,0.18,,,,0.09,0.54,30.61,73.0,0.69,183.19,0.0,0.0,15.23,737.95,
2024-10-05,11.88,66.51,2.37,9.67,11.89,27.02,16.89,0.51,12.01,0.1,,,,0.05,0.31,29.8,71.58,0.91,190.68,0.0,0.0,15.3,739.59,
2024-10-06,14.36,78.46,2.4,9.68,11.94,25.49,16.2,0.6,11.31,0.12,,,,0.06,0.36,29.85,72.38,0.86,198.54,0.0,0.0,15.35,742.03,
2024-10-07,18.54,100.69,2.37,9.68,11.9,30.22,17.39,0.76,11.41,0.15,,,,0.08,0.45,28.76,72.32,0.93,207.97,0.0,0.0,15.36,743.53,
2024-10-08,25.41,87.18,2.36,9.68,11.88,32.05,17.66,0.97,11.42,0.19,,,,0.1,0.58,29.45,70.02,0.6,161.18,0.0,0.0,15.38,743.22,
2024-10-09,24.89,78.68,2.36,9.66,11.87,37.64,18.93,0.97,12.02,0.19,,,,0.1,0.58,28.65,70.61,0.77,173.1,0.0,0.0,15.38,741.74,
2024-10-10,17.77,77.13,2.37,9.62,11.85,35.68,20.05,0.79,12.42,0.16,,,,0.08,0.48,28.23,65.06,0.86,189.53,0.0,0.0,15.45,741.22,
2024-10-11,17.46,103.06,2.34,9.35,11.5,50.04,40.8,0.87,14.23,0.17,,,,0.09,0.52,27.47,64.54,0.92,188.86,0.0,0.0,15.52,741.22,
2024-10-12,23.41,116.04,2.59,9.32,11.7,43.54,47.07,1.06,14.73,0.21,,,,0.11,0.64,28.57,60.04,0.55,168.65,0.01,0.01,15.58,741.81,
2024-10-13,28.87,127.34,2.5,9.16,11.45,42.58,49.29,1.3,14.89,0.26,,,,0.13,0.78,28.24,65.11,0.57,187.55,0.0,0.0,15.67,742.36,
2024-10-14,28.23,133.76,2.38,9.4,11.65,28.85,30.23,0.96,12.51,0.19,,,,0.1,0.58,28.09,62.81,0.68,196.91,0.0,0.0,15.67,742.62,
2024-10-15,32.81,142.64,2.45,9.65,11.98,27.63,16.4,1.08,11.81,0.22,,,,0.11,0.65,27.25,57.6,0.58,153.12,0.0,0.0,15.67,742.12,
2024-10-16,23.87,125.08,2.44,9.66,11.98,32.5,15.96,1.13,11.64,0.23,,,,0.12,0.68,28.18,55.3,0.49,186.5,0.0,0.0,15.67,741.3,
2024-10-17,29.89,84.26,2.44,9.67,11.99,33.76,15.89,1.38,11.46,0.28,,,,0.14,0.82,27.99,62.9,0.58,206.49,0.0,0.0,15.72,741.41,
2024-10-18,33.51,126.53,2.43,9.71,12.01,37.8,16.46,1.38,11.83,0.28,,,,0.14,0.83,28.17,62.32,0.56,180.65,0.0,0.0,15.77,741.45,
2024-10-19,41.08,135.17,2.44,9.69,12.0,42.85,16.59,1.56,11.59,0.31,,,,0.16,0.93,28.42,61.74,0.57,166.68,0.0,0.0,15.78,741.71,
2024-10-20,25.51,115.96,2.4,9.71,11.97,38.03,16.1,1.19,11.45,0.24,,,,0.13,0.71,28.5,59.93,0.62,200.33,0.0,0.0,15.78,742.57,
2024-10-21,17.82,108.73,2.4,9.71,11.97,36.04,16.58,0.8,11.59,0.16,,,,0.08,0.48,27.54,63.5,0.59,190.62,0.0,0.0,15.78,742.87,
2024-10-22,27.9,168.12,2.41,9.71,11.98,37.11,16.24,1.01,11.41,0.2,,,,0.11,0.61,26.09,68.96,0.69,198.67,0.0,0.0,15.8,743.55,
2024-10-23,52.51,184.68,2.42,9.66,11.96,38.86,16.93,1.49,11.87,0.3,,,,0.16,0.89,26.45,67.46,0.94,174.76,0.0,0.0,15.84,743.26,
2024-10-24,42.9,179.28,2.39,9.72,11.97,36.77,16.65,1.18,11.88,0.24,,,,0.12,0.71,27.05,62.6,1.04,155.85,0.0,0.0,15.84,742.2,
2024-10-25,33.25,139.05,2.4,9.66,11.92,38.3,17.8,1.23,14.22,0.25,,,,0.13,0.74,26.64,60.78,0.93,150.23,0.0,0.0,15.84,741.72,
2024-10-26,32.42,143.8,2.42,9.68,11.98,32.94,15.53,1.21,15.95,0.24,,,,0.13,0.72,26.3,57.82,1.13,208.32,0.0,0.0,15.85,741.58,
2024-10-27,46.18,170.7,2.41,9.71,11.98,34.59,16.23,1.73,16.64,0.35,,,,0.18,1.04,26.26,72.97,0.6,205.98,0.01,0.01,15.99,741.17,
2024-10-28,27.04,140.6,2.42,9.69,11.96,35.32,17.06,1.18,18.35,0.24,,,,0.12,0.71,27.06,72.76,0.59,208.46,0.0,0.0,16.13,740.47,
2024-10-29,27.17,116.34,2.42,9.65,11.94,37.5,16.29,1.08,17.84,0.22,,,,0.11,0.65,28.34,66.52,0.59,193.95,0.0,0.0,16.18,740.76,
2024-10-30,27.83,143.63,2.4,9.7,11.95,37.11,16.55,1.08,17.06,0.22,,,,0.11,0.65,28.67,60.83,0.62,145.83,0.0,0.0,16.26,741.05,
2024-10-31,57.81,192.97,2.4,9.69,11.95,38.55,17.22,1.58,16.71,0.32,,,,0.16,0.95,27.5,64.1,0.75,169.12,0.03,0.03,16.58,742.36,
2024-11-01,33.31,140.11,2.39,9.71,11.95,42.53,17.11,1.09,17.9,0.22,,,,0.11,0.65,26.21,53.11,0.74,151.63,0.01,0.01,17.1,743.09,
2024-11-02,35.8,160.84,2.39,9.72,11.96,42.64,16.25,1.24,16.99,0.25,,,,0.13,0.74,26.56,56.82,0.55,188.49,0.01,0.01,17.33,743.62,
2024-11-03,42.76,185.15,2.41,9.7,11.96,42.69,17.11,1.38,17.63,0.28,,,,0.14,0.83,24.82,65.0,0.51,222.05,0.0,0.0,17.54,744.28,
2024-11-04,46.56,208.44,2.39,9.72,11.97,40.86,16.66,1.69,58.25,0.34,,,,0.18,1.02,24.07,68.45,0.35,160.22,0.01,0.01,17.63,743.35,
2024-11-05,50.91,187.97,2.42,9.68,11.97,39.31,16.9,2.0,19.88,0.4,,,,0.21,1.2,24.02,73.95,0.38,187.07,0.0,0.0,17.74,744.74,
2024-11-06,49.91,163.91,2.41,9.69,11.97,41.0,17.3,1.9,13.2,0.38,,,,0.2,1.14,23.94,75.01,0.32,176.49,0.0,0.0,17.78,744.99,
2024-11-07,41.94,178.58,2.38,9.72,11.94,39.6,16.9,1.76,12.67,0.35,,,,0.18,1.05,24.58,76.87,0.54,208.87,0.0,0.0,17.82,744.37,
2024-11-08,39.33,178.41,2.39,9.7,11.94,39.51,17.47,1.67,13.04,0.33,,,,0.17,1.0,24.98,76.1,0.57,223.33,0.0,0.0,17.87,744.21,
2024-11-09,32.87,148.16,2.4,9.71,11.96,36.23,16.61,1.29,13.2,0.26,,,,0.13,0.78,25.5,70.89,0.78,244.48,0.0,0.0,17.91,744.31,
2024-11-10,31.53,158.25,2.41,9.67,11.93,34.96,16.53,1.24,13.18,0.25,,,,0.13,0.74,25.63,70.41,0.61,213.91,0.0,0.0,17.98,744.25,
2024-11-11,49.21,160.86,2.39,9.71,11.95,36.96,16.76,1.56,13.15,0.31,,,,0.16,0.94,24.38,76.03,0.51,176.4,0.0,0.0,18.04,744.04,
2024-11-12,60.26,168.83,2.4,9.71,11.96,44.37,17.19,1.84,12.99,0.37,,,,0.19,1.1,24.49,69.22,0.44,155.37,0.0,0.0,18.07,743.91,
2024-11-13,64.9,186.72,2.4,9.72,11.97,44.06,17.57,2.0,13.19,0.4,,,,0.21,1.2,22.69,71.67,0.7,156.95,0.0,0.0,18.11,743.41,
2024-11-14,42.15,180.31,2.4,9.7,11.96,40.5,16.95,2.24,13.12,0.45,,,,0.23,1.34,21.38,83.06,0.8,203.73,0.0,0.0,18.14,744.94,
2024-11-15,41.33,193.58,2.37,9.7,11.91,44.76,17.67,1.96,13.02,0.39,,,,0.2,1.17,22.66,72.05,0.5,168.17,0.0,0.0,18.17,744.38,
2024-11-16,33.9,155.81,2.39,9.73,11.98,41.24,16.25,1.59,13.04,0.32,,,,0.17,0.95,22.55,68.36,0.37,149.54,0.01,0.01,18.31,743.48,
2024-11-17,47.17,201.32,2.38,9.71,11.94,40.46,16.45,1.61,13.26,0.32,,,,0.17,0.97,22.35,70.91,0.78,196.11,0.0,0.0,18.43,743.89,
2024-11-18,91.55,296.29,2.4,9.73,11.99,41.62,16.55,2.87,14.06,0.57,,,,0.3,1.72,18.95,84.55,1.06,178.7,0.0,0.0,18.47,745.32,
2024-11-19,56.15,153.55,2.4,9.72,11.98,39.02,16.57,1.99,13.51,0.4,,,,0.21,1.2,18.62,75.83,0.64,169.42,0.0,0.0,18.53,745.88,
2024-11-20,38.76,131.45,2.39,9.75,11.98,32.62,16.04,1.42,12.92,0.28,,,,0.15,0.85,18.85,65.62,0.56,156.2,0.0,0.0,18.58,745.07,
2024-11-21,34.75,122.33,2.39,9.71,11.95,41.01,17.23,1.37,12.96,0.27,,,,0.14,0.82,19.03,63.01,0.53,129.0,0.0,0.0,18.64,744.73,
2024-11-22,44.83,186.52,2.38,9.75,11.97,46.47,16.54,1.73,13.41,0.35,,,,0.18,1.04,19.31,65.33,0.35,121.65,0.02,0.02,18.82,744.59,
2024-11-23,46.85,231.4,2.4,9.72,11.97,51.54,16.54,2.12,13.49,0.42,,,,0.22,1.27,19.57,69.68,0.32,115.0,0.01,0.01,19.23,745.12,
2024-11-24,37.84,139.26,2.37,9.74,11.96,44.18,19.42,1.88,12.93,0.38,,,,0.2,1.13,20.63,64.33,0.49,135.84,0.0,0.0,19.38,744.94,
2024-11-25,52.32,154.83,2.3,9.53,11.67,49.7,25.2,1.31,13.64,0.26,,,,0.14,0.78,19.7,65.67,0.6,155.79,0.0,0.0,19.42,744.92,
2024-11-26,26.78,143.16,2.47,9.71,12.07,23.4,13.98,1.05,12.27,0.21,,,,0.11,0.63,19.39,65.69,0.58,150.45,0.0,0.0,19.53,744.97,
2024-11-27,29.19,185.51,2.39,9.67,11.92,30.31,16.76,1.24,12.73,0.25,,,,0.13,0.74,19.19,67.39,0.46,140.54,0.0,0.0,19.57,744.61,
2024-11-28,36.18,159.76,2.4,9.75,12.0,38.85,16.53,1.57,12.9,0.32,,,,0.16,0.95,17.81,72.57,0.54,167.24,0.0,0.0,19.66,745.65,
2024-11-29,35.34,184.47,2.44,9.7,12.01,37.82,16.64,1.56,12.96,0.31,,,,0.16,0.94,17.88,74.33,0.51,168.86,0.01,0.01,19.74,746.21,
2024-11-30,34.68,164.13,2.45,9.75,12.07,29.6,15.19,1.59,12.3,0.32,,,,0.17,0.95,18.04,70.55,0.52,182.15,0.0,0.0,19.84,744.82,
2024-12-01,28.81,140.19,2.4,9.67,11.93,23.53,17.84,1.25,12.42,0.25,,,,0.13,0.75,19.27,70.26,0.52,149.96,0.0,0.0,19.9,743.49,
2024-12-02,23.14,140.95,2.35,9.59,11.8,37.1,23.1,1.01,13.22,0.2,,,,0.11,0.61,19.79,65.86,0.69,149.69,0.0,0.0,19.94,743.67,
2024-12-03,46.83,136.31,2.44,9.73,12.04,34.62,17.0,0.92,12.37,0.18,,,,0.1,0.55,20.23,66.67,0.65,149.99,0.0,0.0,20.05,745.14,
2024-12-04,22.92,116.95,2.43,9.71,12.0,32.87,17.06,0.72,12.26,0.14,,,,0.07,0.43,19.49,63.34,0.86,184.09,0.0,0.0,20.09,744.69,
2024-12-05,16.99,99.14,2.42,9.7,11.98,34.47,17.37,0.76,12.33,0.15,,,,0.08,0.46,18.07,55.95,0.74,168.79,0.0,0.0,20.15,744.51,
2024-12-06,20.72,132.22,2.42,9.69,11.99,35.3,16.6,0.96,12.6,0.19,,,,0.1,0.57,17.82,60.68,0.5,148.22,0.0,0.0,20.23,743.61,
2024-12-07,32.49,185.83,2.42,9.72,12.0,38.19,17.47,1.31,12.9,0.26,,,,0.14,0.78,16.13,67.48,0.44,177.54,0.0,0.0,20.3,743.4,
2024-12-08,24.79,134.56,2.44,9.68,12.01,32.65,16.66,1.05,12.76,0.21,,,,0.11,0.63,17.13,61.16,1.1,259.48,0.0,0.0,20.36,743.06,
2024-12-09,16.77,116.68,2.44,9.69,12.0,33.81,17.41,0.67,12.28,0.13,,,,0.07,0.4,15.95,70.52,1.21,184.65,0.0,0.0,20.4,744.77,
2024-12-10,22.57,166.23,2.41,9.71,11.98,31.88,17.03,0.85,12.05,0.17,,,,0.09,0.51,14.57,68.51,1.01,173.39,0.0,0.0,20.47,746.3,
2024-12-11,21.3,132.59,2.41,9.71,11.97,28.46,16.75,0.83,12.26,0.17,,,,0.09,0.5,14.14,53.95,0.84,182.38,0.0,0.0,20.57,746.2,
2024-12-12,26.99,113.16,2.41,9.71,11.98,31.59,17.16,0.96,12.57,0.19,,,,0.1,0.58,14.18,58.48,0.66,144.46,0.0,0.0,20.61,745.7,
2024-12-13,22.02,125.83,2.42,9.72,12.01,31.82,16.91,0.8,12.21,0.16,,,,0.08,0.48,14.83,57.7,0.96,146.01,0.0,0.0,20.64,746.58,
2024-12-14,23.13,151.41,2.46,9.82,12.15,22.22,15.3,0.77,11.72,0.15,,,,0.08,0.46,14.56,55.74,0.73,169.76,0.0,0.0,20.69,746.81,
2024-12-15,64.32,160.05,2.52,9.94,12.33,15.87,15.05,1.0,10.75,0.2,,,,0.1,0.6,14.12,60.33,0.74,164.28,0.0,0.0,20.76,747.69,
2024-12-16,101.95,218.02,2.47,9.81,12.15,29.59,17.1,1.63,12.59,0.33,,,,0.17,0.98,13.08,71.24,0.58,149.16,0.01,0.01,20.86,746.47,
2024-12-17,121.91,266.94,2.41,9.72,11.99,47.56,18.82,2.1,14.32,0.42,,,,0.22,1.26,12.75,79.7,0.39,168.69,0.01,0.01,21.06,745.42,
2024-12-18,133.6,245.78,2.44,9.69,12.0,48.68,17.95,2.16,14.36,0.43,,,,0.23,1.3,12.88,84.32,0.44,152.89,0.0,0.0,21.22,745.05,
2024-12-19,64.49,200.77,2.45,9.66,11.99,51.94,18.03,2.36,14.57,0.47,,,,0.25,1.42,12.64,85.73,0.64,204.15,0.0,0.0,21.26,744.98,
2024-12-20,38.77,161.18,2.43,9.67,11.97,50.02,17.97,1.58,13.76,0.32,,,,0.16,0.95,14.69,84.33,0.66,196.05,0.0,0.0,21.32,744.62,
2024-12-21,44.53,214.39,2.42,9.68,11.97,52.39,18.8,1.55,13.5,0.31,,,,0.16,0.93,15.05,79.92,0.65,162.91,0.0,0.0,21.4,745.05,
2024-12-22,44.78,180.82,2.44,9.69,12.0,48.94,17.69,1.77,13.78,0.35,,,,0.18,1.06,15.35,79.01,0.62,207.71,0.0,0.0,21.44,745.28,
2024-12-23,27.82,137.86,2.38,9.71,11.73,48.9,18.83,0.96,12.74,0.19,,,,0.1,0.59,16.9,70.67,1.11,218.33,0.01,0.0,21.12,745.09,
2024-12-24,30.52,184.77,2.42,9.73,12.0,50.58,18.57,1.08,13.36,0.22,,,,0.11,0.65,15.14,86.25,0.92,214.36,0.0,0.0,21.54,745.59,
2024-12-25,32.88,158.59,2.42,9.73,12.01,50.66,17.79,1.28,13.42,0.26,,,,0.13,0.77,16.05,82.11,0.91,195.19,0.0,0.0,21.58,747.25,
2024-12-26,33.93,184.0,2.44,9.68,12.0,52.54,18.5,1.26,13.46,0.25,,,,0.13,0.76,15.76,85.36,0.78,199.55,0.0,0.0,21.61,748.6,
2024-12-27,30.3,143.13,2.39,9.69,11.94,59.27,21.87,1.1,13.22,0.22,,,,0.11,0.66,16.87,84.16,1.57,224.46,0.12,0.12,22.12,747.39,
2024-12-28,19.26,104.32,2.42,9.74,12.02,49.02,18.26,0.73,12.85,0.15,,,,0.08,0.44,15.76,96.04,1.06,190.62,0.02,0.02,24.74,747.15,
2024-12-29,19.49,128.68,2.4,9.7,11.98,48.83,18.25,0.76,12.56,0.15,,,,0.08,0.46,14.3,93.74,1.3,162.36,0.0,0.0,24.89,748.48,
2024-12-30,17.56,105.33,2.36,9.8,12.01,45.48,19.2,0.76,12.42,0.15,,,,0.08,0.46,12.01,93.45,0.88,152.5,0.0,0.0,24.93,748.41,
2024-12-31,16.83,114.94,2.38,9.73,11.97,42.73,19.24,0.8,12.52,0.16,,,,0.08,0.48,11.89,89.84,0.57,172.46,0.01,0.01,25.08,749.0,
